column,count,mean,std,min,25%,50%,75%,max
consumption,21528.0,2.7959401709401708,10.903834268909714,0.0,0.0,0.0,0.0,419.0
codi_anomalia,25977.0,115330.6953073873,63286.75316338262,32768.0,32768.0,163840.0,163840.0,163840.0
